FECHA,R3,
14/04/2021,3,
11/04/2021,35,
07/04/2021,15,
04/04/2021,36,
31/03/2021,33,
28/03/2021,41,
24/03/2021,8,
21/03/2021,20,
17/03/2021,11,
14/03/2021,25,
10/03/2021,12,
07/03/2021,16,
03/03/2021,13,
28/02/2021,28,
24/02/2021,26,
21/02/2021,17,
17/02/2021,34,
14/02/2021,13,
10/02/2021,16,
07/02/2021,23,
03/02/2021,25,
31/01/2021,23,
27/01/2021,16,
24/01/2021,19,
20/01/2021,23,
17/01/2021,42,
13/01/2021,28,
10/01/2021,40,
06/01/2021,21,
03/01/2021,24,
30/12/2020,20,
27/12/2020,12,
23/12/2020,17,
20/12/2020,35,
16/12/2020,23,
13/12/2020,28,
09/12/2020,25,
06/12/2020,36,
02/12/2020,19,
29/11/2020,23,
25/11/2020,38,
22/11/2020,30,
18/11/2020,26,
15/11/2020,13,
11/11/2020,16,
08/11/2020,18,
04/11/2020,3,
01/11/2020,32,
28/10/2020,40,
25/10/2020,8,
21/10/2020,22,
18/10/2020,12,
14/10/2020,28,
11/10/2020,29,
07/10/2020,14,
04/10/2020,34,
30/09/2020,14,
27/09/2020,20,
23/09/2020,40,
20/09/2020,30,
16/09/2020,17,
13/09/2020,28,
09/09/2020,26,
06/09/2020,19,
02/09/2020,26,
30/08/2020,25,
26/08/2020,9,
23/08/2020,27,
19/08/2020,25,
16/08/2020,21,
12/08/2020,15,
09/08/2020,37,
05/08/2020,17,
02/08/2020,22,
29/07/2020,41,
26/07/2020,21,
01/04/2020,22,
29/03/2020,14,
25/03/2020,22,
22/03/2020,8,
18/03/2020,12,
15/03/2020,10,
11/03/2020,7,
08/03/2020,33,
04/03/2020,29,
01/03/2020,18,
26/02/2020,37,
23/02/2020,38,
19/02/2020,15,
16/02/2020,41,
12/02/2020,16,
09/02/2020,14,
05/02/2020,21,
02/02/2020,24,
29/01/2020,21,
26/01/2020,29,
22/01/2020,13,
19/01/2020,19,
15/01/2020,29,
12/01/2020,17,
08/01/2020,12,
05/01/2020,13,
01/01/2020,30,
29/12/2019,22,
25/12/2019,9,
22/12/2019,19,
18/12/2019,25,
15/12/2019,25,
11/12/2019,19,
08/12/2019,29,
04/12/2019,23,
01/12/2019,2,
27/11/2019,34,
24/11/2019,21,
20/11/2019,31,
17/11/2019,29,
13/11/2019,21,
10/11/2019,19,
06/11/2019,37,
03/11/2019,18,
30/10/2019,31,
27/10/2019,22,
23/10/2019,15,
20/10/2019,15,
16/10/2019,18,
13/10/2019,35,
09/10/2019,23,
06/10/2019,35,
02/10/2019,27,
29/09/2019,13,
25/09/2019,16,
22/09/2019,21,
18/09/2019,11,
15/09/2019,39,
11/09/2019,18,
08/09/2019,28,
04/09/2019,3,
01/09/2019,37,
28/08/2019,20,
25/08/2019,27,
21/08/2019,27,
18/08/2019,15,
14/08/2019,21,
11/08/2019,22,
07/08/2019,30,
04/08/2019,12,
31/07/2019,28,
28/07/2019,20,
24/07/2019,24,
21/07/2019,24,
17/07/2019,29,
14/07/2019,32,
10/07/2019,28,
07/07/2019,31,
03/07/2019,27,
30/06/2019,27,
26/06/2019,7,
23/06/2019,26,
19/06/2019,30,
16/06/2019,31,
12/06/2019,22,
09/06/2019,6,
05/06/2019,41,
02/06/2019,18,
29/05/2019,30,
26/05/2019,18,
22/05/2019,23,
19/05/2019,31,
15/05/2019,17,
12/05/2019,15,
08/05/2019,9,
05/05/2019,22,
01/05/2019,16,
28/04/2019,20,
24/04/2019,11,
21/04/2019,21,
17/04/2019,7,
14/04/2019,9,
10/04/2019,26,
07/04/2019,30,
03/04/2019,30,
31/03/2019,30,
27/03/2019,35,
24/03/2019,12,
20/03/2019,32,
17/03/2019,20,
13/03/2019,16,
10/03/2019,13,
06/03/2019,15,
03/03/2019,14,
27/02/2019,25,
24/02/2019,16,
20/02/2019,8,
17/02/2019,21,
13/02/2019,20,
10/02/2019,32,
06/02/2019,15,
03/02/2019,12,
30/01/2019,15,
27/01/2019,6,
23/01/2019,34,
20/01/2019,15,
16/01/2019,8,
13/01/2019,23,
09/01/2019,13,
06/01/2019,15,
02/01/2019,9,
30/12/2018,2,
26/12/2018,23,
23/12/2018,12,
19/12/2018,19,
16/12/2018,10,
12/12/2018,19,
09/12/2018,33,
05/12/2018,23,
02/12/2018,25,
28/11/2018,8,
25/11/2018,30,
21/11/2018,29,
18/11/2018,31,
14/11/2018,17,
11/11/2018,21,
07/11/2018,11,
04/11/2018,27,
31/10/2018,7,
28/10/2018,30,
24/10/2018,44,
21/10/2018,27,
17/10/2018,17,
14/10/2018,29,
10/10/2018,22,
07/10/2018,22,
03/10/2018,39,
30/09/2018,29,
26/09/2018,33,
23/09/2018,27,
19/09/2018,32,
16/09/2018,20,
12/09/2018,24,
09/09/2018,26,
05/09/2018,20,
02/09/2018,15,
29/08/2018,29,
26/08/2018,11,
22/08/2018,31,
19/08/2018,25,
15/08/2018,27,
12/08/2018,11,
08/08/2018,14,
05/08/2018,35,
01/08/2018,34,
29/07/2018,41,
25/07/2018,36,
22/07/2018,27,
18/07/2018,13,
15/07/2018,10,
11/07/2018,33,
08/07/2018,31,
04/07/2018,24,
01/07/2018,18,
27/06/2018,31,
24/06/2018,29,
20/06/2018,17,
17/06/2018,17,
13/06/2018,9,
10/06/2018,13,
06/06/2018,15,
03/06/2018,14,
30/05/2018,27,
27/05/2018,29,
23/05/2018,20,
20/05/2018,43,
16/05/2018,8,
13/05/2018,40,
09/05/2018,45,
06/05/2018,41,
02/05/2018,12,
29/04/2018,32,
25/04/2018,16,
22/04/2018,21,
18/04/2018,19,
15/04/2018,16,
11/04/2018,21,
08/04/2018,32,
04/04/2018,8,
01/04/2018,26,
28/03/2018,14,
25/03/2018,30,
21/03/2018,24,
18/03/2018,23,
14/03/2018,28,
11/03/2018,28,
07/03/2018,21,
04/03/2018,19,
28/02/2018,24,
25/02/2018,21,
21/02/2018,17,
18/02/2018,36,
14/02/2018,49,
11/02/2018,38,
07/02/2018,24,
04/02/2018,30,
31/01/2018,21,
28/01/2018,29,
24/01/2018,11,
21/01/2018,16,
17/01/2018,25,
14/01/2018,29,
10/01/2018,15,
07/01/2018,17,
03/01/2018,33,
31/12/2017,11,
27/12/2017,35,
24/12/2017,10,
20/12/2017,8,
17/12/2017,30,
13/12/2017,31,
10/12/2017,18,
06/12/2017,32,
03/12/2017,26,
29/11/2017,36,
26/11/2017,23,
22/11/2017,23,
19/11/2017,10,
15/11/2017,8,
12/11/2017,11,
08/11/2017,15,
05/11/2017,22,
01/11/2017,28,
29/10/2017,36,
25/10/2017,28,
22/10/2017,23,
18/10/2017,24,
15/10/2017,4,
11/10/2017,21,
08/10/2017,30,
04/10/2017,24,
01/10/2017,27,
27/09/2017,12,
24/09/2017,20,
20/09/2017,9,
17/09/2017,35,
13/09/2017,17,
10/09/2017,22,
06/09/2017,39,
03/09/2017,17,
30/08/2017,9,
27/08/2017,29,
23/08/2017,13,
20/08/2017,18,
16/08/2017,32,
13/08/2017,25,
09/08/2017,35,
06/08/2017,4,
02/08/2017,15,
30/07/2017,34,
26/07/2017,20,
23/07/2017,22,
19/07/2017,12,
16/07/2017,21,
12/07/2017,26,
09/07/2017,10,
05/07/2017,21,
02/07/2017,18,
28/06/2017,17,
25/06/2017,25,
21/06/2017,18,
18/06/2017,26,
14/06/2017,17,
11/06/2017,39,
07/06/2017,27,
04/06/2017,31,
31/05/2017,16,
28/05/2017,18,
24/05/2017,21,
21/05/2017,22,
17/05/2017,26,
14/05/2017,36,
10/05/2017,21,
07/05/2017,8,
03/05/2017,46,
30/04/2017,8,
26/04/2017,22,
23/04/2017,10,
19/04/2017,16,
16/04/2017,18,
12/04/2017,34,
09/04/2017,14,
05/04/2017,22,
02/04/2017,27,
29/03/2017,21,
26/03/2017,9,
22/03/2017,17,
19/03/2017,9,
15/03/2017,18,
12/03/2017,31,
08/03/2017,23,
05/03/2017,11,
01/03/2017,43,
26/02/2017,32,
22/02/2017,18,
19/02/2017,28,
15/02/2017,9,
12/02/2017,22,
08/02/2017,35,
05/02/2017,28,
01/02/2017,11,
29/01/2017,24,
25/01/2017,20,
22/01/2017,31,
18/01/2017,28,
15/01/2017,29,
11/01/2017,28,
08/01/2017,38,
04/01/2017,19,
01/01/2017,43,
28/12/2016,25,
25/12/2016,14,
21/12/2016,21,
18/12/2016,22,
14/12/2016,16,
11/12/2016,23,
07/12/2016,31,
04/12/2016,19,
30/11/2016,25,
27/11/2016,12,
23/11/2016,41,
20/11/2016,33,
16/11/2016,26,
13/11/2016,12,
09/11/2016,29,
06/11/2016,18,
02/11/2016,28,
30/10/2016,29,
26/10/2016,33,
23/10/2016,11,
19/10/2016,26,
16/10/2016,17,
12/10/2016,21,
09/10/2016,16,
05/10/2016,16,
02/10/2016,17,
28/09/2016,23,
25/09/2016,13,
21/09/2016,26,
18/09/2016,42,
14/09/2016,16,
11/09/2016,36,
07/09/2016,36,
04/09/2016,35,
31/08/2016,14,
28/08/2016,30,
24/08/2016,25,
21/08/2016,38,
17/08/2016,17,
14/08/2016,16,
10/08/2016,28,
07/08/2016,23,
03/08/2016,37,
31/07/2016,17,
27/07/2016,31,
24/07/2016,20,
20/07/2016,27,
17/07/2016,12,
13/07/2016,19,
10/07/2016,22,
06/07/2016,22,
03/07/2016,41,
29/06/2016,15,
26/06/2016,23,
22/06/2016,28,
19/06/2016,23,
15/06/2016,15,
12/06/2016,13,
08/06/2016,19,
05/06/2016,17,
01/06/2016,15,
29/05/2016,20,
25/05/2016,5,
22/05/2016,27,
18/05/2016,28,
15/05/2016,12,
11/05/2016,13,
08/05/2016,21,
04/05/2016,2,
01/05/2016,21,
27/04/2016,29,
24/04/2016,39,
20/04/2016,34,
17/04/2016,13,
13/04/2016,7,
10/04/2016,12,
06/04/2016,13,
03/04/2016,43,
30/03/2016,26,
27/03/2016,17,
23/03/2016,36,
20/03/2016,32,
16/03/2016,33,
13/03/2016,20,
09/03/2016,30,
06/03/2016,11,
02/03/2016,10,
28/02/2016,6,
24/02/2016,21,
21/02/2016,17,
17/02/2016,14,
14/02/2016,29,
10/02/2016,25,
07/02/2016,45,
03/02/2016,17,
31/01/2016,18,
27/01/2016,44,
24/01/2016,12,
20/01/2016,16,
17/01/2016,40,
13/01/2016,35,
10/01/2016,16,
06/01/2016,40,
03/01/2016,10,
30/12/2015,18,
27/12/2015,16,
23/12/2015,27,
20/12/2015,16,
16/12/2015,33,
13/12/2015,27,
09/12/2015,2,
06/12/2015,17,
02/12/2015,19,
29/11/2015,31,
25/11/2015,34,
22/11/2015,14,
18/11/2015,46,
15/11/2015,10,
11/11/2015,27,
08/11/2015,14,
04/11/2015,10,
01/11/2015,18,
28/10/2015,22,
25/10/2015,19,
21/10/2015,5,
18/10/2015,21,
14/10/2015,15,
11/10/2015,26,
07/10/2015,39,
04/10/2015,18,
30/09/2015,21,
27/09/2015,23,
23/09/2015,7,
20/09/2015,16,
16/09/2015,28,
13/09/2015,23,
09/09/2015,22,
06/09/2015,13,
02/09/2015,28,
30/08/2015,14,
26/08/2015,26,
23/08/2015,3,
19/08/2015,25,
16/08/2015,15,
12/08/2015,18,
09/08/2015,21,
05/08/2015,27,
02/08/2015,17,
29/07/2015,18,
26/07/2015,28,
22/07/2015,15,
19/07/2015,24,
15/07/2015,39,
12/07/2015,28,
08/07/2015,25,
05/07/2015,8,
01/07/2015,18,
28/06/2015,26,
24/06/2015,14,
21/06/2015,21,
17/06/2015,9,
14/06/2015,10,
10/06/2015,30,
07/06/2015,40,
03/06/2015,29,
31/05/2015,9,
27/05/2015,25,
24/05/2015,21,
20/05/2015,15,
17/05/2015,23,
13/05/2015,25,
10/05/2015,16,
06/05/2015,27,
03/05/2015,20,
29/04/2015,40,
26/04/2015,31,
22/04/2015,14,
19/04/2015,18,
15/04/2015,8,
12/04/2015,21,
08/04/2015,38,
05/04/2015,12,
01/04/2015,24,
29/03/2015,15,
25/03/2015,37,
22/03/2015,38,
18/03/2015,41,
15/03/2015,26,
11/03/2015,20,
08/03/2015,17,
04/03/2015,22,
01/03/2015,23,
25/02/2015,27,
22/02/2015,29,
18/02/2015,17,
15/02/2015,9,
11/02/2015,23,
08/02/2015,9,
04/02/2015,11,
01/02/2015,25,
28/01/2015,10,
25/01/2015,38,
21/01/2015,12,
18/01/2015,20,
14/01/2015,24,
11/01/2015,16,
07/01/2015,15,
04/01/2015,33,
31/12/2014,18,
28/12/2014,17,
24/12/2014,31,
21/12/2014,34,
17/12/2014,27,
14/12/2014,19,
10/12/2014,16,
07/12/2014,35,
03/12/2014,31,
30/11/2014,20,
26/11/2014,20,
23/11/2014,20,
19/11/2014,14,
16/11/2014,30,
12/11/2014,28,
09/11/2014,32,
05/11/2014,31,
02/11/2014,18,
29/10/2014,12,
26/10/2014,15,
22/10/2014,19,
19/10/2014,12,
15/10/2014,17,
12/10/2014,23,
08/10/2014,35,
05/10/2014,33,
01/10/2014,14,
28/09/2014,18,
24/09/2014,14,
21/09/2014,37,
17/09/2014,24,
14/09/2014,18,
10/09/2014,38,
07/09/2014,16,
03/09/2014,9,
31/08/2014,45,
27/08/2014,38,
24/08/2014,38,
20/08/2014,17,
17/08/2014,14,
13/08/2014,19,
10/08/2014,28,
06/08/2014,29,
03/08/2014,14,
30/07/2014,14,
27/07/2014,4,
23/07/2014,35,
20/07/2014,10,
16/07/2014,19,
13/07/2014,24,
09/07/2014,28,
06/07/2014,29,
02/07/2014,38,
29/06/2014,28,
25/06/2014,13,
22/06/2014,48,
18/06/2014,25,
15/06/2014,42,
11/06/2014,24,
08/06/2014,14,
04/06/2014,19,
01/06/2014,27,
28/05/2014,13,
25/05/2014,39,
21/05/2014,13,
18/05/2014,10,
14/05/2014,29,
11/05/2014,31,
07/05/2014,34,
04/05/2014,31,
30/04/2014,27,
27/04/2014,29,
23/04/2014,19,
20/04/2014,17,
16/04/2014,27,
13/04/2014,21,
09/04/2014,12,
06/04/2014,25,
02/04/2014,43,
30/03/2014,24,
26/03/2014,17,
23/03/2014,10,
19/03/2014,2,
16/03/2014,38,
12/03/2014,18,
09/03/2014,30,
05/03/2014,15,
02/03/2014,18,
26/02/2014,21,
23/02/2014,25,
19/02/2014,24,
16/02/2014,8,
12/02/2014,21,
09/02/2014,17,
05/02/2014,5,
02/02/2014,6,
29/01/2014,27,
26/01/2014,28,
22/01/2014,13,
19/01/2014,21,
15/01/2014,25,
12/01/2014,17,
08/01/2014,11,
05/01/2014,26,
01/01/2014,5,
29/12/2013,38,
25/12/2013,28,
22/12/2013,18,
18/12/2013,29,
15/12/2013,16,
11/12/2013,15,
08/12/2013,20,
04/12/2013,22,
01/12/2013,10,
27/11/2013,21,
24/11/2013,30,
20/11/2013,23,
17/11/2013,28,
13/11/2013,10,
10/11/2013,18,
06/11/2013,20,
03/11/2013,22,
30/10/2013,16,
27/10/2013,21,
23/10/2013,20,
20/10/2013,24,
16/10/2013,17,
13/10/2013,21,
09/10/2013,28,
06/10/2013,35,
02/10/2013,13,
29/09/2013,32,
25/09/2013,8,
22/09/2013,31,
18/09/2013,7,
15/09/2013,18,
11/09/2013,23,
08/09/2013,14,
04/09/2013,8,
01/09/2013,19,
28/08/2013,17,
25/08/2013,24,
21/08/2013,19,
18/08/2013,12,
14/08/2013,17,
11/08/2013,15,
07/08/2013,18,
04/08/2013,24,
31/07/2013,20,
28/07/2013,17,
24/07/2013,16,
21/07/2013,30,
17/07/2013,33,
14/07/2013,24,
10/07/2013,40,
07/07/2013,29,
03/07/2013,32,
30/06/2013,28,
26/06/2013,24,
23/06/2013,26,
19/06/2013,4,
16/06/2013,28,
12/06/2013,24,
09/06/2013,22,
05/06/2013,35,
02/06/2013,12,
29/05/2013,43,
26/05/2013,3,
22/05/2013,25,
19/05/2013,33,
15/05/2013,27,
12/05/2013,33,
08/05/2013,24,
05/05/2013,23,
01/05/2013,11,
28/04/2013,33,
24/04/2013,29,
21/04/2013,7,
17/04/2013,16,
14/04/2013,22,
10/04/2013,24,
07/04/2013,6,
03/04/2013,13,
31/03/2013,20,
27/03/2013,11,
24/03/2013,25,
20/03/2013,12,
17/03/2013,44,
13/03/2013,10,
10/03/2013,15,
06/03/2013,13,
03/03/2013,34,
27/02/2013,26,
24/02/2013,16,
20/02/2013,13,
17/02/2013,25,
13/02/2013,9,
10/02/2013,15,
06/02/2013,42,
03/02/2013,13,
30/01/2013,11,
27/01/2013,16,
23/01/2013,23,
20/01/2013,19,
16/01/2013,37,
13/01/2013,31,
09/01/2013,30,
06/01/2013,27,
02/01/2013,35,
30/12/2012,18,
26/12/2012,49,
23/12/2012,37,
19/12/2012,15,
16/12/2012,41,
12/12/2012,43,
09/12/2012,29,
05/12/2012,19,
02/12/2012,28,
28/11/2012,20,
25/11/2012,31,
21/11/2012,23,
18/11/2012,30,
14/11/2012,33,
11/11/2012,13,
07/11/2012,17,
04/11/2012,18,
31/10/2012,24,
28/10/2012,24,
24/10/2012,34,
21/10/2012,16,
17/10/2012,16,
14/10/2012,28,
10/10/2012,16,
07/10/2012,22,
03/10/2012,16,
30/09/2012,24,
26/09/2012,12,
23/09/2012,21,
19/09/2012,14,
16/09/2012,21,
12/09/2012,16,
09/09/2012,26,
05/09/2012,27,
02/09/2012,20,
29/08/2012,26,
26/08/2012,38,
22/08/2012,20,
19/08/2012,20,
15/08/2012,23,
12/08/2012,21,
08/08/2012,14,
05/08/2012,31,
01/08/2012,43,
29/07/2012,15,
25/07/2012,21,
22/07/2012,37,
18/07/2012,19,
15/07/2012,27,
11/07/2012,11,
08/07/2012,7,
04/07/2012,33,
01/07/2012,36,
27/06/2012,40,
24/06/2012,12,
20/06/2012,30,
17/06/2012,18,
13/06/2012,27,
10/06/2012,27,
06/06/2012,10,
03/06/2012,12,
30/05/2012,38,
27/05/2012,36,
23/05/2012,30,
20/05/2012,39,
16/05/2012,5,
13/05/2012,17,
09/05/2012,19,
06/05/2012,19,
02/05/2012,22,
29/04/2012,38,
25/04/2012,11,
22/04/2012,10,
18/04/2012,41,
15/04/2012,43,
11/04/2012,24,
08/04/2012,19,
04/04/2012,11,
01/04/2012,16,
28/03/2012,14,
25/03/2012,24,
21/03/2012,26,
18/03/2012,17,
14/03/2012,25,
11/03/2012,28,
07/03/2012,19,
04/03/2012,17,
29/02/2012,11,
26/02/2012,13,
22/02/2012,21,
19/02/2012,9,
15/02/2012,27,
12/02/2012,15,
08/02/2012,12,
05/02/2012,25,
01/02/2012,27,
29/01/2012,20,
25/01/2012,19,
22/01/2012,13,
18/01/2012,27,
15/01/2012,14,
11/01/2012,12,
08/01/2012,30,
04/01/2012,19,
01/01/2012,39,
28/12/2011,16,
25/12/2011,21,
21/12/2011,23,
18/12/2011,24,
14/12/2011,36,
11/12/2011,5,
07/12/2011,47,
04/12/2011,22,
30/11/2011,26,
27/11/2011,35,
23/11/2011,18,
20/11/2011,9,
16/11/2011,42,
13/11/2011,10,
09/11/2011,38,
06/11/2011,16,
02/11/2011,14,
30/10/2011,19,
26/10/2011,10,
23/10/2011,20,
19/10/2011,34,
16/10/2011,15,
12/10/2011,13,
09/10/2011,16,
05/10/2011,18,
02/10/2011,24,
28/09/2011,29,
25/09/2011,9,
21/09/2011,20,
18/09/2011,30,
14/09/2011,26,
11/09/2011,41,
07/09/2011,37,
04/09/2011,24,
31/08/2011,32,
28/08/2011,34,
24/08/2011,34,
21/08/2011,23,
17/08/2011,10,
14/08/2011,35,
10/08/2011,20,
07/08/2011,47,
03/08/2011,20,
31/07/2011,9,
27/07/2011,41,
24/07/2011,9,
20/07/2011,19,
17/07/2011,25,
13/07/2011,40,
10/07/2011,19,
06/07/2011,18,
03/07/2011,7,
29/06/2011,38,
26/06/2011,42,
22/06/2011,28,
19/06/2011,34,
15/06/2011,10,
12/06/2011,24,
08/06/2011,16,
05/06/2011,15,
01/06/2011,26,
29/05/2011,15,
25/05/2011,21,
22/05/2011,7,
18/05/2011,36,
15/05/2011,38,
11/05/2011,18,
08/05/2011,5,
04/05/2011,47,
01/05/2011,34,
27/04/2011,10,
24/04/2011,23,
20/04/2011,8,
17/04/2011,22,
13/04/2011,11,
10/04/2011,5,
06/04/2011,16,
03/04/2011,36,
30/03/2011,30,
27/03/2011,27,
23/03/2011,23,
20/03/2011,27,
16/03/2011,21,
13/03/2011,17,
09/03/2011,15,
06/03/2011,14,
02/03/2011,10,
27/02/2011,13,
23/02/2011,9,
20/02/2011,22,
16/02/2011,34,
13/02/2011,12,
09/02/2011,26,
06/02/2011,7,
02/02/2011,37,
30/01/2011,25,
26/01/2011,50,
23/01/2011,43,
19/01/2011,30,
16/01/2011,25,
12/01/2011,4,
09/01/2011,30,
05/01/2011,13,
02/01/2011,30,
29/12/2010,23,
26/12/2010,22,
22/12/2010,33,
19/12/2010,21,
15/12/2010,17,
12/12/2010,18,
08/12/2010,28,
05/12/2010,12,
01/12/2010,18,
28/11/2010,15,
24/11/2010,6,
21/11/2010,18,
17/11/2010,27,
14/11/2010,14,
10/11/2010,24,
07/11/2010,18,
03/11/2010,25,
31/10/2010,28,
27/10/2010,13,
24/10/2010,23,
20/10/2010,21,
17/10/2010,33,
13/10/2010,13,
10/10/2010,17,
06/10/2010,22,
03/10/2010,42,
29/09/2010,19,
26/09/2010,10,
22/09/2010,11,
19/09/2010,22,
15/09/2010,23,
12/09/2010,12,
08/09/2010,18,
05/09/2010,30,
01/09/2010,27,
29/08/2010,20,
25/08/2010,34,
22/08/2010,21,
18/08/2010,35,
15/08/2010,27,
11/08/2010,25,
08/08/2010,12,
04/08/2010,30,
01/08/2010,16,
28/07/2010,38,
25/07/2010,36,
21/07/2010,25,
18/07/2010,32,
14/07/2010,20,
11/07/2010,31,
07/07/2010,13,
04/07/2010,26,
30/06/2010,17,
27/06/2010,25,
23/06/2010,21,
20/06/2010,28,
16/06/2010,8,
13/06/2010,18,
09/06/2010,48,
06/06/2010,21,
02/06/2010,27,
30/05/2010,25,
26/05/2010,15,
23/05/2010,34,
19/05/2010,6,
16/05/2010,23,
12/05/2010,19,
09/05/2010,45,
05/05/2010,24,
02/05/2010,34,
28/04/2010,35,
25/04/2010,27,
21/04/2010,18,
18/04/2010,20,
14/04/2010,25,
11/04/2010,11,
07/04/2010,18,
04/04/2010,21,
31/03/2010,19,
28/03/2010,20,
24/03/2010,15,
21/03/2010,14,
17/03/2010,25,
14/03/2010,22,
10/03/2010,25,
07/03/2010,22,
03/03/2010,22,
28/02/2010,25,
24/02/2010,25,
21/02/2010,30,
17/02/2010,15,
14/02/2010,18,
10/02/2010,11,
07/02/2010,15,
03/02/2010,34,
31/01/2010,20,
27/01/2010,23,
24/01/2010,33,
20/01/2010,26,
17/01/2010,24,
13/01/2010,39,
10/01/2010,31,
06/01/2010,9,
03/01/2010,14,
30/12/2009,22,
27/12/2009,9,
23/12/2009,25,
20/12/2009,31,
16/12/2009,12,
13/12/2009,29,
09/12/2009,9,
06/12/2009,17,
02/12/2009,19,
29/11/2009,27,
25/11/2009,20,
22/11/2009,32,
18/11/2009,6,
15/11/2009,34,
11/11/2009,17,
08/11/2009,32,
04/11/2009,17,
01/11/2009,28,
28/10/2009,42,
25/10/2009,10,
21/10/2009,27,
18/10/2009,6,
14/10/2009,7,
11/10/2009,21,
07/10/2009,15,
04/10/2009,26,
30/09/2009,38,
27/09/2009,25,
23/09/2009,25,
20/09/2009,25,
16/09/2009,23,
13/09/2009,19,
09/09/2009,16,
06/09/2009,16,
02/09/2009,12,
30/08/2009,27,
26/08/2009,21,
23/08/2009,34,
19/08/2009,9,
16/08/2009,29,
12/08/2009,43,
09/08/2009,31,
05/08/2009,35,
02/08/2009,31,
29/07/2009,35,
26/07/2009,22,
22/07/2009,28,
19/07/2009,31,
15/07/2009,20,
12/07/2009,13,
08/07/2009,28,
05/07/2009,30,
01/07/2009,19,
28/06/2009,46,
24/06/2009,18,
21/06/2009,19,
17/06/2009,12,
14/06/2009,15,
10/06/2009,16,
07/06/2009,21,
03/06/2009,20,
31/05/2009,28,
27/05/2009,11,
24/05/2009,10,
20/05/2009,14,
17/05/2009,12,
13/05/2009,9,
10/05/2009,19,
06/05/2009,37,
03/05/2009,16,
29/04/2009,24,
26/04/2009,23,
22/04/2009,15,
19/04/2009,23,
15/04/2009,16,
12/04/2009,27,
08/04/2009,17,
05/04/2009,11,
01/04/2009,26,
29/03/2009,26,
25/03/2009,10,
22/03/2009,44,
18/03/2009,9,
15/03/2009,13,
11/03/2009,17,
08/03/2009,34,
04/03/2009,42,
01/03/2009,24,
25/02/2009,32,
22/02/2009,23,
18/02/2009,19,
15/02/2009,19,
11/02/2009,41,
08/02/2009,6,
04/02/2009,20,
01/02/2009,14,
28/01/2009,18,
25/01/2009,21,
21/01/2009,20,
18/01/2009,40,
14/01/2009,39,
11/01/2009,17,
07/01/2009,21,
04/01/2009,24,
31/12/2008,46,
28/12/2008,30,
24/12/2008,36,
21/12/2008,35,
17/12/2008,14,
14/12/2008,26,
10/12/2008,42,
07/12/2008,25,
03/12/2008,7,
30/11/2008,12,
26/11/2008,11,
23/11/2008,33,
19/11/2008,40,
16/11/2008,24,
12/11/2008,16,
09/11/2008,2,
05/11/2008,23,
02/11/2008,43,
29/10/2008,17,
26/10/2008,19,
22/10/2008,17,
19/10/2008,13,
15/10/2008,7,
12/10/2008,18,
08/10/2008,31,
05/10/2008,16,
01/10/2008,17,
28/09/2008,25,
24/09/2008,24,
21/09/2008,27,
17/09/2008,11,
14/09/2008,23,
10/09/2008,16,
07/09/2008,14,
03/09/2008,15,
31/08/2008,22,
27/08/2008,7,
24/08/2008,23,
20/08/2008,18,
17/08/2008,29,
13/08/2008,32,
10/08/2008,21,
06/08/2008,29,
03/08/2008,44,
30/07/2008,12,
27/07/2008,19,
23/07/2008,16,
20/07/2008,12,
16/07/2008,36,
13/07/2008,26,
09/07/2008,12,
06/07/2008,35,
02/07/2008,9,
29/06/2008,32,
25/06/2008,13,
22/06/2008,19,
18/06/2008,18,
15/06/2008,20,
11/06/2008,14,
08/06/2008,23,
04/06/2008,10,
01/06/2008,31,
28/05/2008,32,
25/05/2008,29,
21/05/2008,24,
18/05/2008,10,
14/05/2008,23,
11/05/2008,31,
07/05/2008,20,
04/05/2008,10,
30/04/2008,25,
27/04/2008,13,
23/04/2008,22,
20/04/2008,20,
16/04/2008,15,
13/04/2008,21,
09/04/2008,23,
06/04/2008,43,
02/04/2008,35,
30/03/2008,11,
26/03/2008,20,
23/03/2008,31,
19/03/2008,26,
16/03/2008,27,
12/03/2008,8,
09/03/2008,23,
05/03/2008,19,
02/03/2008,30,
27/02/2008,22,
24/02/2008,10,
20/02/2008,11,
17/02/2008,41,
13/02/2008,17,
10/02/2008,25,
06/02/2008,33,
03/02/2008,32,
30/01/2008,11,
27/01/2008,30,
23/01/2008,27,
20/01/2008,27,
16/01/2008,22,
13/01/2008,35,
09/01/2008,36,
06/01/2008,8,
02/01/2008,18,
30/12/2007,36,
26/12/2007,25,
23/12/2007,22,
19/12/2007,24,
16/12/2007,17,
12/12/2007,19,
09/12/2007,29,
05/12/2007,17,
02/12/2007,17,
28/11/2007,29,
25/11/2007,31,
21/11/2007,11,
18/11/2007,13,
14/11/2007,37,
11/11/2007,26,
07/11/2007,9,
04/11/2007,26,
31/10/2007,25,
28/10/2007,27,
24/10/2007,29,
21/10/2007,22,
17/10/2007,10,
14/10/2007,17,
10/10/2007,22,
07/10/2007,1,
03/10/2007,26,
30/09/2007,37,
26/09/2007,12,
23/09/2007,6,
19/09/2007,15,
16/09/2007,27,
12/09/2007,17,
09/09/2007,23,
05/09/2007,19,
02/09/2007,15,
29/08/2007,25,
26/08/2007,27,
22/08/2007,10,
19/08/2007,22,
15/08/2007,20,
12/08/2007,27,
08/08/2007,11,
05/08/2007,5,
01/08/2007,16,
29/07/2007,19,
25/07/2007,22,
22/07/2007,27,
18/07/2007,14,
15/07/2007,22,
11/07/2007,17,
08/07/2007,11,
04/07/2007,17,
01/07/2007,14,
27/06/2007,31,
24/06/2007,11,
20/06/2007,6,
17/06/2007,30,
13/06/2007,24,
10/06/2007,9,
06/06/2007,24,
03/06/2007,20,
30/05/2007,34,
27/05/2007,24,
23/05/2007,21,
20/05/2007,26,
16/05/2007,29,
13/05/2007,34,
09/05/2007,16,
06/05/2007,20,
02/05/2007,13,
29/04/2007,17,
25/04/2007,36,
22/04/2007,17,
18/04/2007,32,
15/04/2007,12,
11/04/2007,18,
08/04/2007,24,
04/04/2007,30,
01/04/2007,18,
28/03/2007,22,
25/03/2007,16,
21/03/2007,25,
18/03/2007,29,
14/03/2007,2,
11/03/2007,15,
07/03/2007,40,
04/03/2007,28,
28/02/2007,26,
25/02/2007,30,
21/02/2007,17,
18/02/2007,8,
14/02/2007,6,
11/02/2007,42,
07/02/2007,33,
04/02/2007,9,
31/01/2007,27,
28/01/2007,3,
24/01/2007,7,
21/01/2007,18,
17/01/2007,13,
14/01/2007,17,
10/01/2007,12,
07/01/2007,23,
03/01/2007,19,
31/12/2006,38,
27/12/2006,16,
24/12/2006,13,
20/12/2006,5,
17/12/2006,26,
13/12/2006,15,
10/12/2006,23,
06/12/2006,32,
03/12/2006,10,
29/11/2006,27,
26/11/2006,13,
22/11/2006,17,
19/11/2006,9,
15/11/2006,20,
12/11/2006,18,
08/11/2006,26,
05/11/2006,17,
01/11/2006,6,
29/10/2006,38,
25/10/2006,29,
22/10/2006,9,
18/10/2006,11,
15/10/2006,29,
11/10/2006,25,
08/10/2006,33,
04/10/2006,15,
01/10/2006,22,
27/09/2006,14,
24/09/2006,16,
20/09/2006,29,
17/09/2006,30,
13/09/2006,30,
10/09/2006,16,
06/09/2006,11,
03/09/2006,15,
30/08/2006,6,
27/08/2006,19,
23/08/2006,20,
20/08/2006,17,
16/08/2006,33,
13/08/2006,32,
09/08/2006,20,
06/08/2006,11,
02/08/2006,18,
30/07/2006,18,
26/07/2006,33,
23/07/2006,30,
19/07/2006,21,
16/07/2006,12,
12/07/2006,10,
09/07/2006,20,
05/07/2006,17,
02/07/2006,15,
28/06/2006,11,
25/06/2006,16,
21/06/2006,6,
18/06/2006,19,
14/06/2006,27,
11/06/2006,25,
07/06/2006,34,
04/06/2006,31,
31/05/2006,24,
28/05/2006,27,
24/05/2006,20,
21/05/2006,16,
17/05/2006,9,
14/05/2006,15,
10/05/2006,17,
07/05/2006,7,
03/05/2006,21,
30/04/2006,21,
26/04/2006,24,
23/04/2006,12,
19/04/2006,20,
16/04/2006,32,
12/04/2006,18,
09/04/2006,25,
05/04/2006,28,
02/04/2006,16,
29/03/2006,26,
26/03/2006,19,
22/03/2006,16,
19/03/2006,28,
15/03/2006,15,
12/03/2006,30,
08/03/2006,29,
05/03/2006,32,
01/03/2006,19,
26/02/2006,31,
22/02/2006,23,
19/02/2006,17,
15/02/2006,8,
12/02/2006,30,
08/02/2006,2,
05/02/2006,31,
01/02/2006,13,
29/01/2006,11,
25/01/2006,26,
22/01/2006,17,
18/01/2006,25,
15/01/2006,22,
11/01/2006,12,
08/01/2006,9,
04/01/2006,24,
01/01/2006,17,
28/12/2005,10,
25/12/2005,18,
21/12/2005,2,
18/12/2005,21,
14/12/2005,30,
11/12/2005,13,
07/12/2005,17,
04/12/2005,25,
30/11/2005,11,
27/11/2005,18,
23/11/2005,10,
20/11/2005,25,
16/11/2005,20,
13/11/2005,13,
09/11/2005,12,
06/11/2005,29,
02/11/2005,15,
30/10/2005,31,
26/10/2005,21,
23/10/2005,20,
19/10/2005,14,
16/10/2005,29,
12/10/2005,10,
09/10/2005,27,
05/10/2005,20,
02/10/2005,18,
28/09/2005,16,
25/09/2005,10,
21/09/2005,12,
18/09/2005,13,
14/09/2005,15,
11/09/2005,24,
07/09/2005,2,
04/09/2005,10,
31/08/2005,13,
28/08/2005,28,
24/08/2005,17,
21/08/2005,19,
17/08/2005,23,
14/08/2005,11,
10/08/2005,28,
07/08/2005,5,
03/08/2005,11,
31/07/2005,17,
27/07/2005,18,
24/07/2005,18,
20/07/2005,22,
17/07/2005,18,
13/07/2005,24,
10/07/2005,13,
06/07/2005,13,
03/07/2005,16,
29/06/2005,17,
26/06/2005,13,
22/06/2005,8,
19/06/2005,23,
15/06/2005,7,
12/06/2005,23,
08/06/2005,10,
05/06/2005,27,
01/06/2005,8,
29/05/2005,19,
25/05/2005,18,
22/05/2005,18,
18/05/2005,18,
15/05/2005,29,
11/05/2005,3,
08/05/2005,21,
04/05/2005,20,
01/05/2005,21,
27/04/2005,23,
24/04/2005,14,
20/04/2005,20,
17/04/2005,18,
13/04/2005,26,
10/04/2005,26,
06/04/2005,14,
03/04/2005,4,
30/03/2005,18,
27/03/2005,23,
23/03/2005,33,
20/03/2005,18,
16/03/2005,17,
13/03/2005,19,
09/03/2005,16,
06/03/2005,9,
02/03/2005,31,
27/02/2005,25,
23/02/2005,20,
20/02/2005,25,
16/02/2005,22,
13/02/2005,19,
09/02/2005,23,
06/02/2005,18,
02/02/2005,29,
30/01/2005,10,
26/01/2005,12,
23/01/2005,24,
19/01/2005,24,
16/01/2005,7,
12/01/2005,24,
09/01/2005,19,
05/01/2005,19,
02/01/2005,10,
29/12/2004,13,
26/12/2004,9,
22/12/2004,22,
19/12/2004,18,
15/12/2004,26,
12/12/2004,5,
08/12/2004,30,
05/12/2004,18,
01/12/2004,28,
28/11/2004,15,
24/11/2004,28,
21/11/2004,11,
17/11/2004,21,
14/11/2004,20,
10/11/2004,17,
07/11/2004,21,
03/11/2004,12,
31/10/2004,23,
27/10/2004,7,
24/10/2004,21,
20/10/2004,22,
17/10/2004,25,
13/10/2004,11,
10/10/2004,29,
06/10/2004,10,
03/10/2004,29,
29/09/2004,13,
26/09/2004,16,
22/09/2004,19,
19/09/2004,25,
15/09/2004,27,
12/09/2004,11,
08/09/2004,11,
05/09/2004,7,
01/09/2004,20,
29/08/2004,22,
25/08/2004,28,
22/08/2004,13,
18/08/2004,30,
15/08/2004,8,
11/08/2004,20,
08/08/2004,26,
04/08/2004,17,
01/08/2004,15,
28/07/2004,15,
25/07/2004,28,
21/07/2004,19,
18/07/2004,12,
14/07/2004,16,
11/07/2004,25,
07/07/2004,14,
04/07/2004,22,
30/06/2004,19,
27/06/2004,15,
23/06/2004,10,
20/06/2004,22,
16/06/2004,31,
13/06/2004,13,
09/06/2004,12,
06/06/2004,22,
02/06/2004,16,
30/05/2004,18,
26/05/2004,11,
23/05/2004,22,
19/05/2004,12,
16/05/2004,26,
12/05/2004,19,
09/05/2004,16,
05/05/2004,14,
02/05/2004,14,
28/04/2004,14,
25/04/2004,17,
21/04/2004,12,
18/04/2004,34,
14/04/2004,29,
11/04/2004,16,
07/04/2004,25,
04/04/2004,7,
31/03/2004,17,
28/03/2004,21,
24/03/2004,21,
21/03/2004,5,
17/03/2004,28,
14/03/2004,20,
10/03/2004,28,
07/03/2004,16,
03/03/2004,30,
29/02/2004,12,
25/02/2004,10,
22/02/2004,30,
18/02/2004,23,
15/02/2004,15,
11/02/2004,12,
08/02/2004,19,
04/02/2004,19,
01/02/2004,22,
28/01/2004,15,
25/01/2004,14,
21/01/2004,24,
18/01/2004,21,
14/01/2004,35,
11/01/2004,22,
07/01/2004,6,
04/01/2004,20,
31/12/2003,24,
28/12/2003,22,
24/12/2003,18,
21/12/2003,23,
17/12/2003,8,
14/12/2003,10,
10/12/2003,10,
07/12/2003,16,
03/12/2003,9,
30/11/2003,14,
26/11/2003,31,
23/11/2003,6,
19/11/2003,40,
16/11/2003,22,
12/11/2003,36,
09/11/2003,20,
05/11/2003,33,
02/11/2003,8,
29/10/2003,32,
26/10/2003,29,
22/10/2003,6,
19/10/2003,17,
15/10/2003,17,
12/10/2003,7,
08/10/2003,29,
05/10/2003,15,
01/10/2003,7,
28/09/2003,34,
24/09/2003,28,
21/09/2003,12,
17/09/2003,22,
14/09/2003,27,
10/09/2003,16,
07/09/2003,6,
03/09/2003,22,
31/08/2003,30,
27/08/2003,14,
24/08/2003,22,
20/08/2003,19,
17/08/2003,15,
13/08/2003,24,
10/08/2003,12,
06/08/2003,6,
03/08/2003,20,
30/07/2003,14,
27/07/2003,19,
23/07/2003,15,
20/07/2003,21,
16/07/2003,25,
13/07/2003,19,
09/07/2003,24,
06/07/2003,10,
02/07/2003,20,
29/06/2003,16,
25/06/2003,11,
22/06/2003,30,
18/06/2003,25,
15/06/2003,22,
11/06/2003,9,
08/06/2003,20,
04/06/2003,12,
01/06/2003,13,
28/05/2003,28,
25/05/2003,16,
21/05/2003,17,
18/05/2003,27,
14/05/2003,13,
11/05/2003,12,
07/05/2003,21,
04/05/2003,30,
30/04/2003,22,
27/04/2003,16,
23/04/2003,31,
20/04/2003,25,
16/04/2003,15,
13/04/2003,10,
09/04/2003,33,
06/04/2003,12,
02/04/2003,22,
30/03/2003,18,
26/03/2003,4,
23/03/2003,10,
19/03/2003,15,
16/03/2003,25,
12/03/2003,18,
09/03/2003,13,
05/03/2003,33,
02/03/2003,15,
26/02/2003,20,
23/02/2003,18,
19/02/2003,31,
16/02/2003,17,
12/02/2003,23,
09/02/2003,7,
05/02/2003,27,
02/02/2003,22,
29/01/2003,28,
26/01/2003,12,
22/01/2003,18,
19/01/2003,27,
15/01/2003,18,
12/01/2003,25,
08/01/2003,15,
05/01/2003,26,
01/01/2003,15,
29/12/2002,10,
25/12/2002,32,
22/12/2002,8,
18/12/2002,29,
15/12/2002,9,
11/12/2002,19,
08/12/2002,26,
04/12/2002,12,
01/12/2002,26,
27/11/2002,15,
24/11/2002,16,
20/11/2002,23,
17/11/2002,17,
13/11/2002,24,
10/11/2002,8,
06/11/2002,12,
03/11/2002,26,
30/10/2002,20,
27/10/2002,22,
23/10/2002,20,
20/10/2002,24,
16/10/2002,25,
13/10/2002,3,
09/10/2002,22,
06/10/2002,12,
02/10/2002,16,
29/09/2002,7,
25/09/2002,21,
22/09/2002,18,
18/09/2002,36,
15/09/2002,14,
11/09/2002,16,
08/09/2002,20,
04/09/2002,34,
01/09/2002,12,
28/08/2002,15,
25/08/2002,29,
21/08/2002,7,
18/08/2002,24,
14/08/2002,8,
11/08/2002,9,
07/08/2002,19,
04/08/2002,18,
31/07/2002,14,
28/07/2002,9,
24/07/2002,23,
21/07/2002,34,
17/07/2002,9,
14/07/2002,10,
10/07/2002,10,
07/07/2002,26,
03/07/2002,18,
30/06/2002,22,
26/06/2002,29,
23/06/2002,23,
19/06/2002,7,
16/06/2002,23,
12/06/2002,12,
09/06/2002,30,
05/06/2002,27,
02/06/2002,13,
29/05/2002,14,
26/05/2002,22,
22/05/2002,23,
19/05/2002,22,
15/05/2002,23,
12/05/2002,5,
08/05/2002,20,
05/05/2002,35,
01/05/2002,24,
28/04/2002,15,
24/04/2002,12,
21/04/2002,17,
17/04/2002,13,
14/04/2002,7,
10/04/2002,14,
07/04/2002,15,
03/04/2002,19,
31/03/2002,27,
27/03/2002,18,
24/03/2002,18,
20/03/2002,15,
17/03/2002,11,
13/03/2002,7,
10/03/2002,9,
06/03/2002,24,
03/03/2002,17,
27/02/2002,15,
24/02/2002,21,
20/02/2002,31,
17/02/2002,4,
13/02/2002,11,
10/02/2002,15,
06/02/2002,23,
03/02/2002,23,
30/01/2002,19,
27/01/2002,9,
23/01/2002,16,
20/01/2002,6,
16/01/2002,14,
13/01/2002,12,
09/01/2002,12,
06/01/2002,6,
02/01/2002,12,
30/12/2001,32,
26/12/2001,30,
23/12/2001,16,
19/12/2001,12,
16/12/2001,18,
12/12/2001,28,
09/12/2001,9,
05/12/2001,7,
02/12/2001,30,
28/11/2001,28,
25/11/2001,11,
21/11/2001,17,
18/11/2001,30,
14/11/2001,12,
11/11/2001,12,
07/11/2001,12,
04/11/2001,15,
31/10/2001,8,
28/10/2001,14,
24/10/2001,20,
21/10/2001,11,
17/10/2001,12,
14/10/2001,19,
10/10/2001,17,
07/10/2001,26,
03/10/2001,25,
30/09/2001,18,
26/09/2001,16,
23/09/2001,14,
19/09/2001,16,
16/09/2001,21,
12/09/2001,14,
09/09/2001,12,
05/09/2001,9,
02/09/2001,20,
29/08/2001,25,
26/08/2001,24,
22/08/2001,16,
19/08/2001,34,
15/08/2001,21,
12/08/2001,23,
08/08/2001,21,
05/08/2001,20,
01/08/2001,9,
29/07/2001,11,
25/07/2001,19,
22/07/2001,23,
18/07/2001,14,
15/07/2001,12,
11/07/2001,21,
08/07/2001,20,
04/07/2001,11,
01/07/2001,25,
27/06/2001,11,
24/06/2001,11,
20/06/2001,13,
17/06/2001,15,
13/06/2001,24,
10/06/2001,16,
06/06/2001,15,
03/06/2001,24,
30/05/2001,11,
27/05/2001,4,
23/05/2001,17,
20/05/2001,24,
16/05/2001,17,
13/05/2001,34,
09/05/2001,22,
06/05/2001,11,
02/05/2001,11,
29/04/2001,13,
25/04/2001,19,
22/04/2001,18,
18/04/2001,17,
15/04/2001,16,
11/04/2001,6,
08/04/2001,7,
04/04/2001,13,
01/04/2001,14,
28/03/2001,22,
25/03/2001,11,
21/03/2001,35,
18/03/2001,6,
14/03/2001,6,
11/03/2001,22,
07/03/2001,26,
04/03/2001,4,
28/02/2001,14,
25/02/2001,29,
21/02/2001,26,
18/02/2001,23,
14/02/2001,7,
11/02/2001,17,
07/02/2001,8,
04/02/2001,15,
31/01/2001,23,
28/01/2001,13,
24/01/2001,22,
21/01/2001,15,
17/01/2001,14,
14/01/2001,24,
10/01/2001,23,
07/01/2001,13,
03/01/2001,24,
31/12/2000,15,
27/12/2000,21,
24/12/2000,12,
20/12/2000,5,
17/12/2000,23,
13/12/2000,27,
10/12/2000,24,
06/12/2000,9,
03/12/2000,21,
29/11/2000,23,
26/11/2000,15,
22/11/2000,16,
19/11/2000,23,
15/11/2000,31,
12/11/2000,20,
08/11/2000,11,
05/11/2000,4,
01/11/2000,17,
29/10/2000,19,
25/10/2000,14,
22/10/2000,27,
18/10/2000,21,
15/10/2000,20,
11/10/2000,6,
08/10/2000,5,
04/10/2000,11,
01/10/2000,13,
27/09/2000,29,
24/09/2000,7,
20/09/2000,25,
17/09/2000,18,
13/09/2000,18,
10/09/2000,15,
06/09/2000,16,
03/09/2000,10,
30/08/2000,12,
27/08/2000,19,
23/08/2000,26,
20/08/2000,12,
16/08/2000,31,
13/08/2000,23,
09/08/2000,6,
06/08/2000,14,
02/08/2000,16,
30/07/2000,12,
26/07/2000,4,
23/07/2000,13,
19/07/2000,22,
16/07/2000,32,
12/07/2000,17,
09/07/2000,11,
05/07/2000,26,
02/07/2000,15,
28/06/2000,15,
25/06/2000,13,
21/06/2000,12,
18/06/2000,15,
14/06/2000,30,
11/06/2000,30,
07/06/2000,6,
04/06/2000,14,
31/05/2000,13,
28/05/2000,10,
24/05/2000,16,
21/05/2000,10,
17/05/2000,15,
14/05/2000,23,
10/05/2000,12,
07/05/2000,23,
03/05/2000,3,
30/04/2000,5,
26/04/2000,28,
23/04/2000,14,
19/04/2000,18,
16/04/2000,10,
12/04/2000,24,
09/04/2000,11,
05/04/2000,21,
02/04/2000,13,
29/03/2000,14,
26/03/2000,24,
22/03/2000,32,
19/03/2000,28,
15/03/2000,15,
12/03/2000,22,
08/03/2000,15,
05/03/2000,14,
01/03/2000,15,
27/02/2000,22,
23/02/2000,25,
20/02/2000,24,
16/02/2000,16,
13/02/2000,21,
09/02/2000,16,
06/02/2000,12,
02/02/2000,8,
30/01/2000,5,
26/01/2000,28,
23/01/2000,21,
19/01/2000,28,
16/01/2000,27,
12/01/2000,23,
09/01/2000,22,
05/01/2000,32,
02/01/2000,26,
29/12/1999,17,
26/12/1999,12,
22/12/1999,16,
19/12/1999,5,
15/12/1999,8,
12/12/1999,16,
08/12/1999,15,
05/12/1999,16,
01/12/1999,23,
28/11/1999,23,
24/11/1999,8,
21/11/1999,17,
17/11/1999,17,
14/11/1999,21,
10/11/1999,22,
07/11/1999,5,
03/11/1999,23,
31/10/1999,13,
27/10/1999,26,
24/10/1999,18,
20/10/1999,22,
17/10/1999,21,
13/10/1999,17,
10/10/1999,24,
06/10/1999,10,
03/10/1999,11,
29/09/1999,27,
26/09/1999,21,
22/09/1999,31,
19/09/1999,14,
15/09/1999,15,
12/09/1999,11,
08/09/1999,24,
05/09/1999,24,
01/09/1999,6,
29/08/1999,8,
25/08/1999,23,
22/08/1999,7,
18/08/1999,8,
15/08/1999,14,
11/08/1999,13,
08/08/1999,8,
04/08/1999,20,
01/08/1999,19,
28/07/1999,24,
25/07/1999,13,
21/07/1999,27,
18/07/1999,13,
14/07/1999,6,
11/07/1999,9,
07/07/1999,19,
04/07/1999,23,
30/06/1999,11,
27/06/1999,8,
23/06/1999,12,
20/06/1999,21,
16/06/1999,30,
13/06/1999,22,
09/06/1999,9,
06/06/1999,25,
02/06/1999,23,
30/05/1999,17,
26/05/1999,15,
23/05/1999,21,
19/05/1999,16,
16/05/1999,13,
12/05/1999,19,
09/05/1999,16,
05/05/1999,13,
02/05/1999,14,
28/04/1999,13,
25/04/1999,12,
21/04/1999,18,
18/04/1999,8,
14/04/1999,32,
11/04/1999,22,
07/04/1999,24,
04/04/1999,4,
31/03/1999,11,
28/03/1999,11,
24/03/1999,19,
21/03/1999,27,
17/03/1999,23,
14/03/1999,17,
10/03/1999,18,
07/03/1999,23,
03/03/1999,24,
28/02/1999,30,
24/02/1999,16,
21/02/1999,19,
17/02/1999,7,
14/02/1999,30,
10/02/1999,8,
07/02/1999,16,
03/02/1999,16,
31/01/1999,15,
27/01/1999,24,
24/01/1999,33,
20/01/1999,13,
17/01/1999,28,
13/01/1999,20,
10/01/1999,25,
06/01/1999,33,
03/01/1999,7,
30/12/1998,22,
27/12/1998,23,
23/12/1998,12,
20/12/1998,21,
16/12/1998,18,
13/12/1998,24,
09/12/1998,27,
06/12/1998,25,
02/12/1998,8,
29/11/1998,20,
25/11/1998,17,
22/11/1998,29,
18/11/1998,25,
15/11/1998,3,
11/11/1998,12,
08/11/1998,23,
04/11/1998,22,
01/11/1998,11,
28/10/1998,13,
25/10/1998,22,
21/10/1998,21,
18/10/1998,8,
14/10/1998,15,
11/10/1998,18,
07/10/1998,25,
04/10/1998,17,
30/09/1998,18,
27/09/1998,19,
23/09/1998,9,
20/09/1998,18,
16/09/1998,35,
13/09/1998,14,
09/09/1998,11,
06/09/1998,33,
02/09/1998,13,
30/08/1998,15,
26/08/1998,21,
23/08/1998,25,
19/08/1998,17,
16/08/1998,30,
12/08/1998,25,
09/08/1998,18,
05/08/1998,23,
02/08/1998,9,
29/07/1998,25,
26/07/1998,16,
22/07/1998,11,
19/07/1998,20,
15/07/1998,22,
12/07/1998,22,
08/07/1998,27,
05/07/1998,19,
01/07/1998,34,
28/06/1998,22,
24/06/1998,22,
21/06/1998,11,
17/06/1998,9,
14/06/1998,14,
10/06/1998,22,
07/06/1998,18,
03/06/1998,7,
31/05/1998,15,
27/05/1998,16,
24/05/1998,7,
20/05/1998,23,
17/05/1998,13,
13/05/1998,8,
10/05/1998,17,
06/05/1998,14,
03/05/1998,4,
29/04/1998,8,
26/04/1998,17,
22/04/1998,19,
19/04/1998,5,
15/04/1998,6,
12/04/1998,22,
08/04/1998,9,
05/04/1998,20,
01/04/1998,18,
29/03/1998,10,
25/03/1998,7,
22/03/1998,21,
18/03/1998,27,
15/03/1998,10,
11/03/1998,26,
08/03/1998,18,
04/03/1998,24,
01/03/1998,14,
25/02/1998,39,
22/02/1998,5,
18/02/1998,21,
15/02/1998,21,
11/02/1998,25,
08/02/1998,17,
04/02/1998,19,
01/02/1998,31,
28/01/1998,8,
25/01/1998,12,
21/01/1998,11,
18/01/1998,25,
14/01/1998,29,
11/01/1998,11,
07/01/1998,4,
04/01/1998,8,
31/12/1997,23,
28/12/1997,32,
24/12/1997,20,
21/12/1997,4,
17/12/1997,21,
14/12/1997,22,
10/12/1997,35,
07/12/1997,15,
03/12/1997,18,
30/11/1997,15,
26/11/1997,10,
23/11/1997,15,
19/11/1997,10,
16/11/1997,13,
12/11/1997,16,
09/11/1997,15,
05/11/1997,19,
02/11/1997,17,
29/10/1997,29,
26/10/1997,12,
22/10/1997,20,
22/10/1997,35,
15/10/1997,13,
12/10/1997,25,
08/10/1997,23,
05/10/1997,8,
01/10/1997,12,
28/09/1997,25,
24/09/1997,15,
21/09/1997,26,
17/09/1997,22,
14/09/1997,17,
10/09/1997,28,
07/09/1997,32,
03/09/1997,15,
31/08/1997,23,
27/08/1997,27,
24/08/1997,8,
20/08/1997,30,
17/08/1997,31,
13/08/1997,24,
10/08/1997,18,
06/08/1997,27,
03/08/1997,26,
30/07/1997,16,
27/07/1997,15,
23/07/1997,33,
20/07/1997,8,
16/07/1997,10,
13/07/1997,14,
09/07/1997,8,
06/07/1997,10,
02/07/1997,18,
29/06/1997,12,
25/06/1997,15,
22/06/1997,29,
18/06/1997,6,
15/06/1997,14,
11/06/1997,20,
08/06/1997,6,
04/06/1997,28,
01/06/1997,7,
28/05/1997,9,
25/05/1997,21,
21/05/1997,20,
18/05/1997,13,
14/05/1997,27,
11/05/1997,16,
07/05/1997,17,
04/05/1997,16,
30/04/1997,14,
27/04/1997,13,
23/04/1997,24,
20/04/1997,5,
16/04/1997,19,
13/04/1997,12,
09/04/1997,8,
06/04/1997,16,
02/04/1997,15,
30/03/1997,31,
26/03/1997,21,
23/03/1997,21,
19/03/1997,21,
16/03/1997,22,
12/03/1997,19,
09/03/1997,12,
05/03/1997,21,
02/03/1997,14,
26/02/1997,22,
23/02/1997,12,
19/02/1997,8,
16/02/1997,30,
12/02/1997,19,
09/02/1997,19,
05/02/1997,13,
02/02/1997,16,
29/01/1997,20,
26/01/1997,13,
26/01/1997,6,
19/01/1997,24,
15/01/1997,13,
12/01/1997,23,
08/01/1997,14,
05/01/1997,4,
01/01/1997,5,
29/12/1996,29,
25/12/1996,14,
22/12/1996,10,
18/12/1996,15,
15/12/1996,31,
11/12/1996,14,
08/12/1996,6,
04/12/1996,18,
01/12/1996,12,
27/11/1996,7,
24/11/1996,20,
20/11/1996,18,
17/11/1996,24,
13/11/1996,12,
10/11/1996,6,
06/11/1996,9,
03/11/1996,14,
30/10/1996,22,
27/10/1996,16,
23/10/1996,10,
20/10/1996,23,
16/10/1996,24,
13/10/1996,10,
09/10/1996,9,
06/10/1996,10,
02/10/1996,20,
29/09/1996,13,
25/09/1996,27,
22/09/1996,6,
18/09/1996,17,
15/09/1996,19,
11/09/1996,10,
08/09/1996,24,
04/09/1996,28,
01/09/1996,10,
28/08/1996,18,
25/08/1996,29,
21/08/1996,29,
18/08/1996,20,
14/08/1996,19,
11/08/1996,8,
07/08/1996,11,
04/08/1996,9,
31/07/1996,9,
28/07/1996,8,
24/07/1996,7,
21/07/1996,16,
17/07/1996,2,
14/07/1996,25,
10/07/1996,26,
07/07/1996,22,
03/07/1996,14,
30/06/1996,18,
26/06/1996,19,
23/06/1996,31,
19/06/1996,3,
16/06/1996,30,
12/06/1996,13,
09/06/1996,14,
05/06/1996,21,
02/06/1996,11,
29/05/1996,10,
26/05/1996,29,
22/05/1996,18,
19/05/1996,22,
15/05/1996,14,
12/05/1996,21,
08/05/1996,29,
05/05/1996,15,
01/05/1996,24,
28/04/1996,14,
24/04/1996,11,
21/04/1996,18,
17/04/1996,16,
14/04/1996,21,
10/04/1996,8,
07/04/1996,6,
03/04/1996,11,
31/03/1996,10,
27/03/1996,18,
24/03/1996,16,
20/03/1996,10,
17/03/1996,26,
13/03/1996,26,
10/03/1996,12,
06/03/1996,15,
03/03/1996,12,
28/02/1996,16,
25/02/1996,14,
21/02/1996,10,
18/02/1996,18,
14/02/1996,11,
11/02/1996,6,
07/02/1996,23,
04/02/1996,13,
31/01/1996,24,
28/01/1996,10,
24/01/1996,29,
21/01/1996,30,
17/01/1996,5,
14/01/1996,19,
10/01/1996,24,
07/01/1996,11,
03/01/1996,24,
31/12/1995,10,
27/12/1995,7,
24/12/1995,21,
20/12/1995,13,
17/12/1995,10,
13/12/1995,9,
10/12/1995,7,
06/12/1995,16,
03/12/1995,13,
29/11/1995,9,
26/11/1995,15,
22/11/1995,4,
19/11/1995,12,
15/11/1995,12,
12/11/1995,20,
08/11/1995,14,
05/11/1995,9,
01/11/1995,21,
29/10/1995,15,
25/10/1995,9,
22/10/1995,22,
18/10/1995,16,
15/10/1995,28,
11/10/1995,26,
08/10/1995,24,
04/10/1995,13,
01/10/1995,12,
27/09/1995,30,
24/09/1995,8,
20/09/1995,17,
17/09/1995,8,
13/09/1995,34,
10/09/1995,19,
06/09/1995,21,
03/09/1995,5,
30/08/1995,23,
27/08/1995,16,
23/08/1995,19,
20/08/1995,9,
16/08/1995,22,
13/08/1995,9,
09/08/1995,27,
06/08/1995,18,
02/08/1995,20,
30/07/1995,20,
26/07/1995,19,
23/07/1995,29,
19/07/1995,23,
16/07/1995,14,
12/07/1995,24,
09/07/1995,2,
05/07/1995,20,
02/07/1995,15,
28/06/1995,27,
25/06/1995,18,
21/06/1995,19,
18/06/1995,30,
14/06/1995,12,
11/06/1995,21,
07/06/1995,20,
04/06/1995,15,
31/05/1995,9,
28/05/1995,20,
24/05/1995,32,
21/05/1995,21,
17/05/1995,12,
14/05/1995,23,
10/05/1995,20,
07/05/1995,24,
03/05/1995,22,
30/04/1995,1,
26/04/1995,17,
23/04/1995,25,
19/04/1995,3,
16/04/1995,12,
12/04/1995,19,
09/04/1995,4,
05/04/1995,17,
02/04/1995,16,
29/03/1995,16,
26/03/1995,19,
22/03/1995,19,
19/03/1995,13,
15/03/1995,14,
12/03/1995,13,
08/03/1995,8,
05/03/1995,15,
01/03/1995,9,
26/02/1995,14,
22/02/1995,9,
19/02/1995,28,
15/02/1995,27,
12/02/1995,8,
08/02/1995,16,
05/02/1995,24,
01/02/1995,13,
29/01/1995,6,
25/01/1995,17,
22/01/1995,11,
18/01/1995,13,
15/01/1995,9,
11/01/1995,25,
08/01/1995,17,
04/01/1995,14,
01/01/1995,22,
28/12/1994,21,
25/12/1994,15,
21/12/1994,14,
18/12/1994,20,
14/12/1994,14,
11/12/1994,18,
07/12/1994,11,
04/12/1994,10,
30/11/1994,31,
27/11/1994,9,
23/11/1994,12,
20/11/1994,18,
16/11/1994,21,
13/11/1994,11,
09/11/1994,4,
06/11/1994,11,
02/11/1994,14,
30/10/1994,11,
26/10/1994,15,
23/10/1994,11,
19/10/1994,31,
16/10/1994,5,
12/10/1994,11,
09/10/1994,31,
05/10/1994,6,
02/10/1994,24,
28/09/1994,14,
25/09/1994,17,
21/09/1994,28,
18/09/1994,26,
14/09/1994,19,
11/09/1994,16,
07/09/1994,23,
04/09/1994,11,
31/08/1994,19,
28/08/1994,23,
24/08/1994,23,
21/08/1994,10,
17/08/1994,4,
14/08/1994,22,
10/08/1994,17,
07/08/1994,27,
03/08/1994,9,
31/07/1994,8,
27/07/1994,9,
24/07/1994,22,
20/07/1994,18,
17/07/1994,18,
13/07/1994,21,
10/07/1994,18,
06/07/1994,15,
03/07/1994,25,
29/06/1994,25,
26/06/1994,12,
22/06/1994,15,
19/06/1994,18,
15/06/1994,18,
12/06/1994,11,
08/06/1994,13,
05/06/1994,4,
01/06/1994,23,
29/05/1994,6,
25/05/1994,23,
22/05/1994,10,
18/05/1994,6,
15/05/1994,19,
11/05/1994,12,
08/05/1994,6,
04/05/1994,27,
01/05/1994,15,
27/04/1994,29,
24/04/1994,11,
20/04/1994,9,
17/04/1994,21,
13/04/1994,18,
10/04/1994,15,
06/04/1994,17,
03/04/1994,13,
30/03/1994,28,
27/03/1994,8,
23/03/1994,12,
20/03/1994,14,
16/03/1994,10,
13/03/1994,20,
09/03/1994,14,
06/03/1994,18,
02/03/1994,20,
27/02/1994,28,
23/02/1994,20,
20/02/1994,28,
16/02/1994,22,
13/02/1994,20,
09/02/1994,27,
06/02/1994,33,
02/02/1994,9,
30/01/1994,12,
26/01/1994,25,
23/01/1994,16,
19/01/1994,15,
16/01/1994,24,
12/01/1994,26,
09/01/1994,14,
05/01/1994,34,
02/01/1994,16,
29/12/1993,4,
26/12/1993,7,
22/12/1993,13,
19/12/1993,11,
15/12/1993,5,
12/12/1993,20,
08/12/1993,15,
05/12/1993,10,
01/12/1993,5,
28/11/1993,18,
24/11/1993,29,
21/11/1993,23,
17/11/1993,16,
14/11/1993,37,
10/11/1993,23,
07/11/1993,30,
03/11/1993,22,
31/10/1993,18,
27/10/1993,27,
24/10/1993,24,
20/10/1993,18,
17/10/1993,18,
13/10/1993,20,
10/10/1993,9,
06/10/1993,8,
03/10/1993,9,
29/09/1993,14,
26/09/1993,17,
22/09/1993,15,
19/09/1993,14,
15/09/1993,4,
12/09/1993,17,
08/09/1993,32,
05/09/1993,17,
01/09/1993,15,
29/08/1993,22,
25/08/1993,16,
22/08/1993,15,
18/08/1993,23,
15/08/1993,28,
11/08/1993,29,
08/08/1993,27,
04/08/1993,24,
01/08/1993,19,
28/07/1993,26,
25/07/1993,12,
21/07/1993,7,
18/07/1993,9,
14/07/1993,15,
11/07/1993,22,
07/07/1993,7,
04/07/1993,33,
30/06/1993,10,
27/06/1993,24,
23/06/1993,20,
20/06/1993,27,
16/06/1993,34,
13/06/1993,16,
09/06/1993,16,
06/06/1993,14,
02/06/1993,14,
30/05/1993,23,
26/05/1993,23,
23/05/1993,21,
19/05/1993,13,
16/05/1993,24,
12/05/1993,26,
09/05/1993,11,
05/05/1993,14,
02/05/1993,22,
28/04/1993,28,
25/04/1993,8,
21/04/1993,18,
18/04/1993,18,
14/04/1993,6,
11/04/1993,26,
07/04/1993,25,
04/04/1993,20,
31/03/1993,6,
28/03/1993,18,
24/03/1993,12,
21/03/1993,17,
17/03/1993,20,
14/03/1993,11,
10/03/1993,15,
07/03/1993,18,
03/03/1993,2,
28/02/1993,16,
24/02/1993,5,
21/02/1993,18,
17/02/1993,11,
14/02/1993,7,
10/02/1993,11,
07/02/1993,12,
03/02/1993,15,
31/01/1993,7,
27/01/1993,11,
24/01/1993,20,
21/01/1993,12,
17/01/1993,8,
13/01/1993,21,
10/01/1993,12,
06/01/1993,6,
03/01/1993,20,
30/12/1992,10,
27/12/1992,26,
23/12/1992,25,
20/12/1992,16,
16/12/1992,25,
13/12/1992,12,
09/12/1992,22,
06/12/1992,16,
02/12/1992,15,
29/11/1992,5,
25/11/1992,15,
22/11/1992,11,
18/11/1992,12,
15/11/1992,21,
11/11/1992,28,
08/11/1992,16,
04/11/1992,26,
01/11/1992,10,
28/10/1992,28,
25/10/1992,9,
21/10/1992,22,
18/10/1992,15,
14/10/1992,5,
11/10/1992,21,
07/10/1992,8,
04/10/1992,24,
30/09/1992,19,
27/09/1992,19,
23/09/1992,8,
20/09/1992,22,
16/09/1992,12,
13/09/1992,7,
09/09/1992,16,
06/09/1992,20,
02/09/1992,10,
30/08/1992,5,
26/08/1992,18,
23/08/1992,11,
19/08/1992,11,
16/08/1992,5,
12/08/1992,10,
09/08/1992,26,
05/08/1992,13,
02/08/1992,14,
29/07/1992,16,
26/07/1992,16,
22/07/1992,11,
19/07/1992,10,
15/07/1992,14,
12/07/1992,15,
08/07/1992,19,
05/07/1992,12,
01/07/1992,17,
28/06/1992,5,
24/06/1992,19,
21/06/1992,12,
17/06/1992,14,
14/06/1992,9,
10/06/1992,12,
07/06/1992,6,
03/06/1992,18,
31/05/1992,11,
27/05/1992,10,
24/05/1992,17,
20/05/1992,18,
17/05/1992,28,
13/05/1992,25,
10/05/1992,12,
06/05/1992,23,
03/05/1992,19,
29/04/1992,25,
26/04/1992,11,
22/04/1992,8,
19/04/1992,5,
15/04/1992,7,
12/04/1992,8,
08/04/1992,14,
05/04/1992,25,
01/04/1992,8,
29/03/1992,10,
25/03/1992,27,
22/03/1992,15,
18/03/1992,20,
15/03/1992,14,
11/03/1992,17,
08/03/1992,9,
04/03/1992,16,
01/03/1992,15,
26/02/1992,13,
23/02/1992,7,
19/02/1992,19,
16/02/1992,9,
12/02/1992,19,
09/02/1992,9,
05/02/1992,9,
02/02/1992,16,
29/01/1992,7,
26/01/1992,19,
22/01/1992,1,
19/01/1992,9,
15/01/1992,13,
12/01/1992,25,
08/01/1992,22,
05/01/1992,11,
01/01/1992,15,
29/12/1991,10,
25/12/1991,3,
22/12/1991,15,
18/12/1991,19,
15/12/1991,30,
11/12/1991,12,
08/12/1991,12,
04/12/1991,12,
01/12/1991,12,
27/11/1991,14,
24/11/1991,10,
20/11/1991,11,
17/11/1991,22,
13/11/1991,15,
10/11/1991,12,
06/11/1991,10,
03/11/1991,12,
30/10/1991,13,
27/10/1991,10,
23/10/1991,14,
20/10/1991,17,
16/10/1991,23,
13/10/1991,23,
09/10/1991,18,
06/10/1991,14,
02/10/1991,11,
29/09/1991,16,
25/09/1991,25,
22/09/1991,6,
18/09/1991,17,
15/09/1991,11,
11/09/1991,10,
08/09/1991,29,
04/09/1991,10,
01/09/1991,14,
28/08/1991,16,
25/08/1991,14,
21/08/1991,13,
18/08/1991,18,
14/08/1991,5,
11/08/1991,5,
07/08/1991,18,
04/08/1991,22,
31/07/1991,24,
28/07/1991,22,
24/07/1991,10,
21/07/1991,9,
17/07/1991,14,
14/07/1991,11,
10/07/1991,26,
07/07/1991,13,
03/07/1991,10,
30/06/1991,16,
26/06/1991,11,
23/06/1991,24,
19/06/1991,15,
16/06/1991,11,
12/06/1991,15,
09/06/1991,10,
05/06/1991,32,
02/06/1991,9,
29/05/1991,18,
26/05/1991,12,
22/05/1991,26,
19/05/1991,13,
15/05/1991,21,
12/05/1991,12,
08/05/1991,3,
05/05/1991,14,
01/05/1991,6,
28/04/1991,5,
24/04/1991,11,
21/04/1991,18,
17/04/1991,20,
14/04/1991,13,
10/04/1991,14,
07/04/1991,18,
03/04/1991,22,
31/03/1991,23,
24/03/1991,11,
17/03/1991,7,
10/03/1991,11,
03/03/1991,13,
24/02/1991,13,
17/02/1991,16,
10/02/1991,25,
03/02/1991,13,
27/01/1991,27,
20/01/1991,23,
13/01/1991,4,
06/01/1991,20,
30/12/1990,18,
23/12/1990,4,
16/12/1990,8,
09/12/1990,4,
02/12/1990,23,
25/11/1990,14,
18/11/1990,21,
11/11/1990,26,
04/11/1990,14,
28/10/1990,9,
21/10/1990,18,
14/10/1990,17,
07/10/1990,17,
30/09/1990,10,
23/09/1990,20,
16/09/1990,22,
09/09/1990,10,
02/09/1990,13,
26/08/1990,9,
19/08/1990,15,
12/08/1990,7,
05/08/1990,13,
29/07/1990,25,
22/07/1990,19,
15/07/1990,22,
08/07/1990,22,
01/07/1990,12,
24/06/1990,14,
17/06/1990,8,
10/06/1990,20,
03/06/1990,18,
27/05/1990,22,
20/05/1990,10,
13/05/1990,9,
06/05/1990,14,
29/04/1990,3,
22/04/1990,21,
15/04/1990,16,
08/04/1990,9,
01/04/1990,8,
25/03/1990,12,
18/03/1990,19,
11/03/1990,21,
04/03/1990,17,
25/02/1990,19,
18/02/1990,11,
11/02/1990,15,
04/02/1990,21,
28/01/1990,15,
21/01/1990,24,
14/01/1990,11,
07/01/1990,13,
31/12/1989,10,
24/12/1989,15,
17/12/1989,2,
10/12/1989,21,
03/12/1989,12,
26/11/1989,5,
19/11/1989,13,
12/11/1989,21,
05/11/1989,11,
29/10/1989,14,
22/10/1989,19,
15/10/1989,16,
08/10/1989,6,
01/10/1989,9,
24/09/1989,18,
17/09/1989,16,
10/09/1989,20,
03/09/1989,17,
27/08/1989,8,
20/08/1989,15,
13/08/1989,10,
06/08/1989,14,
30/07/1989,28,
23/07/1989,15,
16/07/1989,2,
09/07/1989,16,
02/07/1989,26,
25/06/1989,11,
18/06/1989,9,
11/06/1989,9,
04/06/1989,17,
28/05/1989,13,
21/05/1989,14,
14/05/1989,29,
07/05/1989,13,
30/04/1989,11,
23/04/1989,12,
16/04/1989,13,
09/04/1989,12,
02/04/1989,29,
26/03/1989,23,
19/03/1989,10,
12/03/1989,11,
05/03/1989,19,
26/02/1989,18,
19/02/1989,13,
12/02/1989,24,
05/02/1989,20,
29/01/1989,15,
22/01/1989,10,
15/01/1989,26,
08/01/1989,16,
01/01/1989,9,
25/12/1988,18,
18/12/1988,19,
11/12/1988,8,
04/12/1988,12,
27/11/1988,19,
20/11/1988,31,
13/11/1988,8,
06/11/1988,27,
30/10/1988,20,
23/10/1988,8,
16/10/1988,12,
09/10/1988,13,
02/10/1988,22,
25/09/1988,17,
18/09/1988,22,
11/09/1988,16,
04/09/1988,19,
28/08/1988,18,
21/08/1988,21,
14/08/1988,14,
07/08/1988,17,
31/07/1988,10,
24/07/1988,12,
17/07/1988,16,
10/07/1988,11,
03/07/1988,15,
26/06/1988,17,
19/06/1988,22,
12/06/1988,4,
05/06/1988,26,
29/05/1988,14,
22/05/1988,11,
15/05/1988,7,
08/05/1988,16,
01/05/1988,13,
24/04/1988,20,
17/04/1988,16,
10/04/1988,21,
03/04/1988,9,
27/03/1988,10,
20/03/1988,29,
13/03/1988,8,
06/03/1988,12,
28/02/1988,15,
21/02/1988,12,
14/02/1988,20,
07/02/1988,10,
31/01/1988,20,
24/01/1988,19,
17/01/1988,12,
10/01/1988,5,
03/01/1988,18,
27/12/1987,10,
20/12/1987,28,
13/12/1987,21,
06/12/1987,23,
29/11/1987,24,
22/11/1987,16,
15/11/1987,15,
08/11/1987,24,
01/11/1987,20,
25/10/1987,10,
18/10/1987,14,
11/10/1987,13,
04/10/1987,10,
27/09/1987,17,
20/09/1987,16,
13/09/1987,23,
06/09/1987,19,
30/08/1987,10,
23/08/1987,16,
16/08/1987,20,
09/08/1987,13,
02/08/1987,28,
26/07/1987,13,
19/07/1987,7,
12/07/1987,13,
05/07/1987,20,
28/06/1987,10,
21/06/1987,18,
14/06/1987,13,
07/06/1987,24,
31/05/1987,20,
24/05/1987,17,
17/05/1987,22,
10/05/1987,15,
03/05/1987,3,
26/04/1987,14,
19/04/1987,16,
12/04/1987,23,
05/04/1987,9,
29/03/1987,6,
22/03/1987,16,
15/03/1987,14,
08/03/1987,23,
01/03/1987,21,
22/02/1987,15,
15/02/1987,12,
08/02/1987,14,
01/02/1987,22,
25/01/1987,16,
18/01/1987,23,
11/01/1987,17,
04/01/1987,20,
28/12/1986,9,
21/12/1986,13,
14/12/1986,23,
07/12/1986,15,
30/11/1986,22,
23/11/1986,7,
16/11/1986,16,
09/11/1986,12,
02/11/1986,1,
26/10/1986,6,
19/10/1986,10,
12/10/1986,19,
05/10/1986,17,
28/09/1986,6,
21/09/1986,19,
14/09/1986,13,
07/09/1986,31,
31/08/1986,10,
24/08/1986,19,
17/08/1986,15,
10/08/1986,18,
03/08/1986,11,
27/07/1986,13,
20/07/1986,11,
13/07/1986,10,
06/07/1986,5,
29/06/1986,23,
22/06/1986,25,
15/06/1986,8,
08/06/1986,21,
01/06/1986,22,
25/05/1986,14,
18/05/1986,23,
11/05/1986,25,
04/05/1986,31,
27/04/1986,22,
20/04/1986,14,
13/04/1986,17,
06/04/1986,11,
30/03/1986,17,
23/03/1986,19,
16/03/1986,17,
09/03/1986,9,
02/03/1986,10,
23/02/1986,21,
16/02/1986,6,
09/02/1986,13,
02/02/1986,13,
26/01/1986,18,
19/01/1986,30,
12/01/1986,28,
05/01/1986,8,
29/12/1985,5,
22/12/1985,14,
15/12/1985,4,
08/12/1985,15,
01/12/1985,21,
24/11/1985,10,
17/11/1985,9,
10/11/1985,17,
03/11/1985,16,
27/10/1985,7,
20/10/1985,17,
13/10/1985,18,
06/10/1985,22,
29/09/1985,11,
22/09/1985,20,
15/09/1985,15,
08/09/1985,9,
01/09/1985,25,
25/08/1985,19,
18/08/1985,7,
11/08/1985,9,
04/08/1985,22,
28/07/1985,20,
21/07/1985,24,
14/07/1985,17,
07/07/1985,23,
30/06/1985,21,
23/06/1985,13,
16/06/1985,14,
09/06/1985,27,
02/06/1985,27,
26/05/1985,18,
19/05/1985,4,
12/05/1985,29,
05/05/1985,19,
28/04/1985,12,
21/04/1985,9,
14/04/1985,10,
07/04/1985,8,
31/03/1985,12,
24/03/1985,20,
17/03/1985,21,
10/03/1985,18,
03/03/1985,6,
24/02/1985,9,
17/02/1985,21,
10/02/1985,23,
03/02/1985,17,
27/01/1985,14,
20/01/1985,20,
13/01/1985,6,
06/01/1985,11,
30/12/1984,25,
23/12/1984,20,
16/12/1984,2,
09/12/1984,18,
02/12/1984,11,
25/11/1984,13,
18/11/1984,23,
11/11/1984,21,
04/11/1984,22,
28/10/1984,12,
21/10/1984,22,
14/10/1984,8,
07/10/1984,15,
30/09/1984,19,
23/09/1984,27,
16/09/1984,11,
09/09/1984,13,
02/09/1984,17,
26/08/1984,22,
19/08/1984,5,
