Name,Address,Zip Code,Phone Number,Cell Number,Employee ID,Password,Pay Slip Amount
Brock Cantrell,3811 Nulla Rd.,1758,(09) 6531 7666,16291113 -1064,75498,YKR10SED9TW,1840.30
Ryan Stone,9165 Nec Rd.,11341,(07) 8365 2208,16081007 -6398,1455,USW04DUJ2AD,1352.10
Ralph Oneill,910-9382 Mollis Avenue,6688 HH,(03) 9813 6633,16380905 -0515,51590,UQS35EZY0YZ,3251.81
Lars Macdonald,"P.O. Box 300, 8552 Id, Avenue",3721,(01) 1246 8262,16931109 -9866,85830,GXH60SQE6VL,6049.09
Lawrence Tate,"P.O. Box 613, 3383 Id St.",14-361,(08) 5868 4370,16680615 -6938,70036,PKX14VVG9KP,5509.15
Ivan Ross,"P.O. Box 553, 6501 Sollicitudin Street",4139,(05) 1948 5427,16090919 -8178,41599,MYM14JAU2NR,4834.70
Akeem Wagner,808-9043 Sit St.,262443,(09) 7614 4622,16891125 -4707,59981,VYM15OBI3EK,4372.65
Abdul Ayala,"P.O. Box 341, 3088 Accumsan St.",50413,(09) 3810 0403,16530911 -7991,88508,EWT87GPI4RD,7063.22
Damon Carney,"P.O. Box 712, 3435 Varius Avenue",33695,(06) 8604 8210,16790313 -4497,51575,XNJ63XHO0BI,5754.74
Clinton Hebert,"P.O. Box 370, 2666 Pharetra Rd.",5904,(01) 7199 0469,16161219 -8489,79426,XYU87JJE2IO,9464.45
Declan Cooper,"P.O. Box 235, 7491 Sed Road",10-506,(04) 2712 6259,16140424 -8211,57740,JFR24JWI7WJ,7549.91
Gavin York,"Ap #677-5806 Elit, Av.",5453,(04) 4434 5346,16081015 -8683,83217,VRF18XSA7TY,7031.83
Omar Graves,9758 Neque Road,92581,(01) 4048 4238,16640318 -5413,81830,BZY78MLX3AO,8381.14
Driscoll Lloyd,691-5553 Mus. Road,232688,(06) 0084 6951,16350902 -0750,21524,SCP44WND7YT,4394.56
Beck Christian,Ap #480-2200 Egestas Av.,68125,(02) 7795 1060,16770525 -3339,99887,VHD08PAG7NU,1855.40
Daniel Parker,"Ap #940-7200 Amet, Rd.",65482-16409,(01) 0474 8430,16830410 -1812,56665,TDC65ZAQ2FH,4725.40
Odysseus Joseph,Ap #435-2902 Fermentum St.,EA0 5MM,(07) 3458 9484,16280117 -4877,777,SUX27DII7EJ,5325.36
Rajah Rollins,"Ap #915-8660 Montes, Ave",2618 NF,(06) 8659 7588,16990919 -6900,58938,PFA43IIH0EV,1287.09
Bevis Manning,Ap #918-3337 Gravida. St.,3359,(02) 9989 0162,16731211 -3876,85059,RJX26GMD8QI,8630.39
Palmer Pittman,"P.O. Box 667, 7236 Odio. Ave",465183,(09) 6330 3373,16740718 -8528,8087,SDZ75ZMT5HB,8273.49
Nasim Bell,5502 Quisque Avenue,83134,(04) 6081 2089,16070827 -5052,16465,GDH92URT0XM,7193.85
Herrod Nunez,161-489 Lacus. Ave,4922,(06) 8180 4927,16380814 -4483,98965,UUD98APX8DU,4612.03
Porter Hinton,"P.O. Box 748, 7980 Enim, Ave",00152-100,(03) 9827 7885,16361023 -3540,77172,BOJ20BUD9HS,5433.58
Harrison Scott,"P.O. Box 358, 6901 Eu St.",BR8Q 9FO,(04) 9379 2124,16220613 -5341,65621,JSJ43ITU7KO,5022.37
Nathan Morin,1934 Urna Ave,58286,(07) 9764 1103,16010825 -2727,14455,ZAL39XVP9NH,8329.24
Kamal Nelson,297-1539 Fringilla. Road,32021,(06) 3502 8802,16960702 -0162,4203,ZTE82WHK9AZ,1469.46
Stuart Castillo,Ap #718-8445 Nunc Rd.,39900,(02) 2861 1715,16620503 -3969,88060,MKA21MRZ2DJ,2535.24
Alexander Patel,"Ap #163-5502 A, Rd.",24779,(02) 7467 2702,16010518 -3123,60703,BIL58MKG3KX,7821.99
Derek Haley,4782 Pulvinar St.,232316,(01) 7981 4692,16091006 -3825,41026,FCT91ERK9JC,9897.66
Jerry Bruce,991 Volutpat. Rd.,62431-85768,(08) 6102 1540,16540530 -9690,81786,MCA67FQL4GD,3774.23
Brendan Steele,"P.O. Box 568, 9643 In Rd.",546698,(03) 5796 1057,16260311 -8825,22695,SXQ59YKT0EC,5778.29
Bevis Boyer,120-3933 Tristique Av.,30300,(09) 8947 9012,16730330 -7206,66220,HQV65DOO3SN,6849.87
Howard Wiggins,Ap #690-7509 Nulla Av.,92300-119,(08) 0818 6403,16031126 -9252,34006,RDY60FXN7EV,4765.00
Brenden Fischer,"P.O. Box 898, 377 In, Avenue",J9S 1C4,(09) 5869 1854,16280824 -6850,26397,SUN66TVI8GE,9210.26
Jack Moody,"P.O. Box 976, 3627 Convallis Ave",10081,(05) 2589 2354,16061203 -5121,79898,RPV46XMY3HG,7720.29
Brady Riddle,"P.O. Box 378, 1383 Ornare. St.",0022 TJ,(02) 6395 5023,16220825 -5162,3083,CSA53WUF7SZ,8406.21
Paki Hampton,Ap #113-3222 Sodales Road,19370,(08) 9111 2360,16340610 -3089,97402,TXH27YEV9UT,1168.47
Emerson Paul,Ap #838-3098 Feugiat Road,29949,(06) 0613 3688,16730614 -7708,91905,XEC95ASM5FC,6778.53
Joshua Lancaster,"P.O. Box 450, 8335 Amet Road",677768,(01) 3944 2543,16740802 -5869,74241,CBX75OGW3IY,7525.74
Erich Sanford,6791 Odio. Ave,15508,(05) 5273 2126,16560506 -5837,12676,WLF79MAN2WK,2414.86
Brenden Head,1492 Porttitor Road,270167,(03) 3949 2863,16510330 -1940,63523,RSG93BKL1BV,9942.49
Joshua Miller,8158 Aenean Avenue,27805,(07) 9519 2423,16260901 -5686,58305,BTP32RTE7FH,8000.50
Len Nguyen,Ap #240-8462 Penatibus Rd.,B1J 4G0,(06) 7840 1161,16020521 -0859,56152,MKU77YSV4MV,1362.84
Brett Mills,Ap #523-494 Elit Rd.,865550,(08) 6616 7431,16221212 -9486,99552,ERU19OIY9FY,1268.35
Donovan Charles,290-6744 A St.,33044,(07) 2845 3639,16480209 -7313,84703,NKN71JTC9AM,6602.55
Rahim Giles,224-1624 Orci Ave,195026,(09) 7798 2781,16321107 -7759,3893,RHW75MNX1XK,9145.17
Tucker Ballard,"748-4695 Odio, Rd.",12693,(07) 8541 9902,16991111 -6193,85423,BIB21RNR7UY,9851.43
Dillon Valentine,"P.O. Box 179, 3000 Ligula Street",12044,(05) 7915 3001,16351101 -4940,54744,RSG34MXV1XL,2003.32
Hammett Weber,6255 Ut Street,31-588,(02) 9710 4344,16540623 -1703,3907,YTT34YQH2XS,9867.02
Nigel Thomas,"P.O. Box 788, 3517 Vitae, St.",793892,(02) 5690 4472,16350926 -8805,84372,AGZ52YZC1OS,4352.97
Barry Gilmore,Ap #215-8042 Cursus. Street,62619-084,(03) 9974 0600,16240312 -8628,81331,ANH01ODX8JA,3538.63
Elton Ruiz,"861 At, St.",670063,(03) 3731 2449,16200717 -1230,64205,VGM43VFM8UR,4871.43
Denton Kidd,2855 Ante Rd.,58105,(01) 5663 2408,16080205 -4130,23418,QYT85AMZ0XD,7639.80
Matthew Reese,"P.O. Box 582, 7991 Integer Ave",863004,(02) 0108 4106,16590315 -7856,34616,KHF73UTJ7KR,6280.45
Lars Barnett,Ap #319-1140 Ut St.,73786,(06) 9192 7943,16511229 -1785,70597,LQY18YMY9CK,4138.19
Edan Patrick,229-3994 Lacus. St.,829203,(06) 5039 0136,16911008 -9209,94927,ZAP54LAZ8BH,4476.03
Cody Holcomb,412-152 Velit. Rd.,Z1373,(01) 6624 8804,16020121 -5399,2299,JGW52ABS7OJ,8891.06
Ferris Joyce,Ap #112-2280 Maecenas Av.,25669,(07) 8041 6557,16450201 -7678,29316,PNC16XKY7DM,8965.35
Finn Pierce,"P.O. Box 289, 5740 Pellentesque, Rd.",5853,(01) 3464 6038,16350628 -7493,50528,BSW12DCC9LO,9722.89
Kevin Rutledge,"347-5413 Urna, Ave",386529,(08) 0042 3747,16090908 -3974,91659,NSD88TVK7RD,5822.90
Andrew Underwood,4715 Rhoncus. St.,8388,(08) 0331 0336,16690922 -9772,26001,QUR49EUR2YE,4432.89
Boris Decker,"P.O. Box 845, 6196 Accumsan Road",99398,(04) 7264 7556,16451021 -5207,454,EJK06EQI0VN,5059.90
Kuame Adkins,"P.O. Box 943, 9110 Turpis Street",14500-323,(01) 0283 3824,16090230 -2991,36921,YLS02OPK7NG,5136.50
Malachi Buckner,5881 Est Av.,56873,(05) 7554 8070,16660322 -2750,82224,URN27UGP3ZW,8545.89
Marshall Francis,4508 Morbi Avenue,35266,(09) 5854 2542,16640112 -9082,81225,FWY97CDT9UJ,6900.47
Drew Mcpherson,610-6378 At Ave,700905,(09) 2016 8843,16671120 -8394,60642,USV86FLH6HC,5353.41
Gavin Cole,Ap #369-8212 Tempor Road,426559,(01) 6711 5121,16301230 -2133,14938,LUZ02PFP3HO,6881.54
Kasimir Guerra,"461-827 Eu, St.",274433,(02) 2368 3128,16330108 -3527,7721,FUY97FYE8MY,2660.62
Paki Mayo,2265 Quis Ave,551651,(06) 1708 6809,16520117 -2557,67774,CBM61KSM5QG,2496.50
Orson Harding,8712 Orci St.,20949,(01) 0842 1477,16660402 -6002,32462,KBV19GOI0ZR,2926.32
Raymond Riddle,Ap #209-8552 Fermentum Ave,25475,(08) 0090 7732,16240424 -8300,67668,CWC47TAT1MU,3933.61
Demetrius Fletcher,577-7657 Magna. Rd.,63256-946,(06) 9969 5221,16910227 -7614,67779,FZE31HQT5YM,6423.87
Cyrus Mcfarland,Ap #961-5237 Magnis Road,36969,(09) 5182 4825,16491127 -2484,34224,IOV25HYY6PZ,4093.15
Kane Lott,659-2456 Libero. Avenue,265205,(06) 8627 0285,16120423 -1201,53082,KAX97ZZU5NS,9532.75
Hammett Waters,Ap #923-4875 Ut Ave,11902,(01) 3516 7240,16720219 -0885,20424,YII80ETG2VU,4826.67
Mufutau Lambert,7078 Pede. Ave,99041,(07) 8747 9750,16720503 -7224,80374,VTQ17XUL3MO,7490.82
August Shields,"P.O. Box 267, 2554 Suspendisse Ave",2306,(04) 2477 4760,16430204 -2975,83306,NEJ20XDC9RM,8141.96
Randall Malone,"2153 At, Street",16462,(06) 1649 7353,16860112 -3154,4665,HQS99HFH6MW,7634.51
Burke Oneil,"P.O. Box 282, 759 Pharetra, Street",8867,(09) 0358 1753,16801010 -3284,61430,JZR70ACH0ZP,5215.95
Hop Sherman,Ap #541-5549 Turpis. St.,39390-74348,(04) 6586 2601,16440410 -2859,76429,EDA31OVQ4EN,9896.00
Bevis Kirk,"P.O. Box 185, 4248 Sodales Rd.",84290,(07) 5902 5102,16280208 -2657,23870,AEC66DTQ6UV,9867.84
Elvis Craig,534-9408 Mauris Avenue,662443,(07) 6892 7114,16430427 -4782,55826,EKP02ZXY7PD,6620.61
Hayden Cummings,"Ap #265-3411 Dui, Rd.",63154,(01) 8522 9201,16890703 -2976,50693,SQD24PIL0NY,1864.88
Charles Durham,"P.O. Box 181, 7622 Sapien Street",191348,(09) 2393 3380,16830320 -7347,37520,SGF03CUB7YO,1817.90
Burton Santos,788-1141 Vel St.,S85 5AM,(05) 6269 5147,16490319 -0330,83491,GPB99XET7AZ,9160.91
Chadwick Parks,"697-9114 Vulputate, Rd.",1555,(08) 2757 6603,16891020 -3119,26770,ISN62EGX8TA,4240.49
Axel Preston,Ap #868-7945 Rutrum Rd.,Z2108,(08) 0876 4111,16450212 -7147,40013,NCW67QPN0SX,7444.96
Kasper Gonzalez,"P.O. Box 915, 9887 Cum St.",58963,(09) 3976 8159,16000327 -1301,33771,TBP26MII5QP,1495.44
Bevis Little,"456-3637 A, St.",58343,(08) 4708 8434,16950302 -5125,30409,WZX34KZS1LV,4902.82
Sean Knowles,"P.O. Box 223, 9943 Vel, St.",39158-01491,(05) 2233 5793,16690424 -9205,3540,OIJ15SNP3CH,4853.86
Knox Lester,"P.O. Box 674, 1503 Convallis Road",8926,(03) 7331 4872,16650601 -9741,56995,FVS75AHR1TK,1231.58
Jared Silva,905-3359 Mattis Avenue,2490,(02) 1398 9496,16400525 -0545,7005,KVA03FYL3GD,7879.06
Neil Hardin,609-5643 Mauris. St.,06-320,(04) 1682 2439,16780730 -0475,10420,RSD57YIZ3IL,3001.70
Fletcher Merrill,Ap #855-646 Eu Av.,3687,(06) 2317 1486,16460814 -3113,56489,NVC02UBN2AZ,2853.19
Jerry Ballard,"P.O. Box 922, 3379 Libero St.",4773,(03) 5980 9006,16700511 -5402,77767,BWQ96BWY2VZ,7475.24
Stewart Fletcher,761-2787 Consectetuer Avenue,700023,(04) 9311 4850,16431201 -0152,93370,GBZ26JDR2TE,9971.11
Marvin Marquez,"478-2143 Vitae, Rd.",8377 UJ,(03) 1980 0627,16290524 -5714,75468,ZSV08UQL8BF,8584.98
Hop Hubbard,7786 Consequat Av.,30642,(06) 5839 6867,16811021 -0658,78906,LTS66HTP1SI,3222.81
Roth Donaldson,5222 Amet Road,555834,(06) 6766 2724,16591001 -5634,97054,IEF43DRV1QG,2606.35
Dillon Brooks,Ap #808-9720 Cursus. Rd.,70508,(02) 2109 1733,16760708 -0418,26468,VTZ08VKJ5BC,6753.18